GEOID,NAME,STATE,obsolescence_score,growth_potential_score,confidence,tile_count
06037,Los Angeles County,California,0.85,0.6175,0.92,18
48201,Harris County,Texas,0.72,0.481,0.88,15
17031,Cook County,Illinois,0.78,0.544,0.85,14
04013,Maricopa County,Arizona,0.91,0.635,0.94,20
36061,New York County,New York,0.65,0.4075,0.79,12
13121,Fulton County,Georgia,0.79,0.5545,0.86,16
53033,King County,Washington,0.58,0.334,0.81,13
47013,Campbell,,0.67839655044590674,0.437316377968202,0.90481499063142179,29
13103,Effingham,,0.88222771677994882,0.635,0.77823862968405466,13
05037,Cross,,0.68577157035120773,0.44506014886876799,0.91878751151923477,27
48247,Jim Hogg,,0.69636701446608074,0.45618536518938474,0.70189075646505827,29
48385,Real,,0.71109266507221802,0.47164729832582891,0.89836774673121367,15
12003,Baker,,0.80274628789916636,0.56788360229412471,0.89102722877208529,28
01115,St. Clair,,0.79678859561764437,0.56162802539852663,0.84299501216873207,15
24033,Prince George's,,0.85638196702036473,0.62420106537138287,0.84501497383373736,22
48449,Titus,,0.65176786186639057,0.40935625495971006,0.90470459864877084,10
22089,St. Charles,,0.92965342393127004,0.635,0.91473274371029667,21
48083,Coleman,,0.92739678313103613,0.635,0.83582476005699413,17
12065,Jefferson,,0.82735130109238564,0.59371886614700475,0.88245854877516827,23
48121,Denton,,0.8461848512583714,0.61349409382128994,0.812183439210027,14
54025,Greenbrier,,0.92123504058454497,0.635,0.89391134682928675,14
54103,Wetzel,,0.75246904683114979,0.51509249917270727,0.84643939014218406,27
45025,Chesterfield,,0.87562941520124227,0.635,0.92456127077091399,20
40071,Kay,,0.93129198353596621,0.635,0.85210965712400988,16
37041,Chowan,,0.74654211239928325,0.50886921801924734,0.79861835164617223,25
48181,Grayson,,0.66784161185486846,0.42623369244761189,0.86268946847068895,21
48113,Dallas,,0.68807956606583909,0.44748354436913096,0.88757072452016317,10
40011,Blaine,,0.8319030562440759,0.59849820905627982,0.86933451352463731,22
12069,Lake,,0.76678279959523277,0.53012193957499432,0.90453386679002423,25
01009,Blount,,0.92036320544548655,0.635,0.81252445608932833,15
28099,Neshoba,,0.68076527149454691,0.43980353506927422,0.7139259929745041,18
51109,Louisa,,0.75299300300997496,0.51564265316047364,0.71110319891811402,19
40045,Ellis,,0.88777020917205929,0.635,0.83170166389834477,28
21233,Webster,,0.78098156836099797,0.54503064677904778,0.70530121544105584,26
54079,Putnam,,0.66364098106841785,0.42182303012183875,0.86958923438314195,10
05105,Perry,,0.65290952199023211,0.41055499808974372,0.86621268168143228,24
37119,Mecklenburg,,0.72050468194186812,0.48152991603896145,0.87911178255117184,30
13085,Dawson,,0.64229690125901739,0.3994117463219683,0.79089757708086073,17
12035,Flagler,,0.54574350628863566,0.29803068160306739,0.74032362394496587,20
24011,Caroline,,0.48423995965224798,0.23345195763486037,0.88843192203641019,21
09150,Northeastern Connecticut,,0.66970679990290871,0.42819213989805405,0.86172926222258872,12
13009,Baldwin,,0.72066426579001286,0.48169747907951349,0.83434691663305594,13
23013,Knox,,0.56733321013992932,0.32069987064692584,0.83193463830366898,17
13171,Lamar,,0.54471783797136419,0.2969537298699324,0.76857711185372135,26
37179,Union,,0.64877627748315581,0.4062150913573136,0.85506700915905287,26
45039,Fairfield,,0.51424030741952498,0.26495232279050124,0.83370895463377936,21
12055,Highlands,,0.71469878098826212,0.47543372003767526,0.71407508878182757,13
36021,Columbia,,0.72220778216472581,0.48331817127296206,0.72003645317881282,12
25005,Bristol,,0.67643074829030414,0.43525228570481928,0.93292003122538603,14
33007,Coos,,0.71335044524793056,0.47401796751032704,0.85399261072827959,14
51127,New Kent,,0.55006495426538615,0.30256820197865542,0.89509329264513748,27
51015,Augusta,,0.60156845228632239,0.35664687490063846,0.82692298103773265,15
12027,DeSoto,,0.52046398617708201,0.27148718548593609,0.70017486288319142,14
42119,Union,,0.59978476850505369,0.35477400693030642,0.8128870991508812,26
13239,Quitman,,0.6129977491345423,0.36864763659126937,0.79374454580082299,24
50013,Grand Isle,,0.47580826531802661,0.22459867858392793,0.79918731304518209,15
36047,Kings,,0.61202302382126861,0.36762417501233197,0.93143142411860047,27
13307,Webster,,0.47192477606359495,0.22052101486677472,0.81118618275972165,22
24025,Harford,,0.70611930042507853,0.46642526544633234,0.76374341716413041,11
45045,Greenville,,0.63988032102382897,0.39687433707502034,0.74025384601988908,22
51157,Rappahannock,,0.7322850162015041,0.49389926701157927,0.77453686330255411,27
51025,Brunswick,,0.57852202121559226,0.33244812227637183,0.91391751094612428,27
37019,Brunswick,,0.61986182656386413,0.37585491789205727,0.7467237340658277,19
42045,Delaware,,0.51370224119021479,0.26438735324972551,0.81548855277472476,29
51830,Williamsburg,,0.72112065940373293,0.48217669237391958,0.87048908552881898,15
45015,Berkeley,,0.68458622316669293,0.44381553432502752,0.92740168888994923,12
13257,Stephens,,0.53483241825994077,0.28657403917293783,0.94846354863262627,25
41021,Gilliam,,0.7411302352049931,0.50318674696524268,0.71758711797531227,16
16053,Jerome,,0.61233561950819437,0.36795240048360406,0.8137144978698736,12
02158,Kusilvak,,0.58256215121038146,0.33669025877090053,0.86783516281685102,13
16067,Minidoka,,0.59600624188806539,0.35080655398246874,0.86624392424085039,15
08085,Montrose,,0.57727292596902202,0.33113657226747306,0.75295600806804652,29
16075,Payette,,0.71344776275410404,0.47412015089180931,0.87455395060802998,27
08005,Arapahoe,,0.57309108333098568,0.32674563749753505,0.89992263926593341,20
53075,Whitman,,0.60098886388524997,0.35603830707951239,0.72408538819511403,13
02122,Kenai Peninsula,,0.57457176361516149,0.32830035179591954,0.71463712287239645,27
06053,Monterey,,0.69179339601020828,0.45138306581071863,0.80270059098507407,27
06059,Orange,,0.75150577359050685,0.51408106227003203,0.88347973602150298,20
35057,Torrance,,0.7080130013817002,0.46841365145078517,0.8588374674150685,24
08037,Eagle,,0.69058342837017961,0.45011259978868856,0.82249169835383173,15
30103,Treasure,,0.62736976977790448,0.38373825826679975,0.86893273246946223,29
53043,Lincoln,,0.79394593969472915,0.55864323667946558,0.84994795259506373,23
06009,Calaveras,,0.65911315571719775,0.41706881350305758,0.84679591392397668,24
06017,El Dorado,,0.73712414532203541,0.49898035258813717,0.78986964967498863,24
53039,Klickitat,,0.83904109755094858,0.60599315242849605,0.8388518832817452,13
08075,Logan,,0.84420452989817729,0.61141475639308607,0.75901782930315664,10
35051,Sierra,,0.6085110417785613,0.36393659386748944,0.85327950057210822,15
49001,Beaver,,0.81353707293765409,0.57921392658453663,0.94723386107861329,27
06047,Merced,,0.75606704087666676,0.51887039292050008,0.9379271675587334,24
56041,Uinta,,0.62934850505389128,0.38581593030658579,0.74923923203514275,28
56017,Hot Springs,,0.61760477233896383,0.37348501095591191,0.82689558025959431,21
30105,Valley,,0.6025759307816666,0.35770472732074987,0.80511307591017489,27
56015,Goshen,,0.8126609700071229,0.57829401850747908,0.89671671841324974,13
04017,Navajo,,0.69194149177855147,0.45153856636747897,0.76753860518709116,10
08059,Jefferson,,0.79026318351864488,0.5547763426945771,0.88523681066646509,30
08031,Denver,,0.73406714820805186,0.49577050561845448,0.92672096960189232,16
56045,Weston,,0.58666215534491317,0.34099526311215889,0.81143300953566166,15
27117,Pipestone,,0.38572671855503837,0.1300130544827903,0.84879795644635592,13
26111,Midland,,0.44109104443499808,0.18814559665674802,0.74866754483118503,28
27119,Polk,,0.45944307029629156,0.20741522381110616,0.78182113641674766,21
19095,Iowa,,0.6299525755414781,0.38645020431855204,0.92061078980667477,13
31117,McPherson,,0.41007942754145621,0.15558339891852907,0.75408779106234725,17
55051,Iron,,0.53418750969283435,0.28589688517747602,0.94748566561574377,26
38053,McKenzie,,0.54907764198955111,0.30153152408902872,0.83245561157491199,21
19005,Allamakee,,0.43307770354931857,0.17973158872678452,0.73785868312523273,14
55027,Dodge,,0.56463748675031533,0.31786936108783104,0.83088183109260894,10
18027,Daviess,,0.63009428560077985,0.38659899988081892,0.85538328562013499,12
27161,Waseca,,0.52462223300091471,0.27585334465096045,0.76866314181063988,13
39155,Trumbull,,0.45839349660117912,0.20631317143123809,0.7194778827867051,13
19081,Hancock,,0.42933076322737201,0.17579730138874064,0.75145490221769273,28
26135,Oscoda,,0.3759357842822133,0.11973257349632398,0.81594626392975966,23
19147,Palo Alto,,0.395926396564728,0.14072271639296444,0.83104280148481768,14
19077,Guthrie,,0.58960950483588082,0.34408998007767477,0.93882030873097588,26
31035,Clay,,0.52271792447136278,0.27385382069493097,0.83447762907715428,23
20195,Trego,,0.60544426901103221,0.36071648246158389,0.88474102136287636,21
55041,Forest,,0.37266581367153151,0.1162991043551081,0.72552085220756368,30
20121,Miami,,0.38220980821624995,0.12632029862706246,0.7767086151229643,22
39153,Summit,,0.36556121688352117,0.10883927772769723,0.74449830431363151,18
55093,Pierce,,0.4463378798033481,0.19365477379351548,0.81508962906137628,24
20149,Pottawatomie,,0.36510003780993611,0.10835503970043295,0.88617262122649565,17
19065,Fayette,,0.49558994675906914,0.2453694440970226,0.86575874248614726,12
27003,Anoka,,0.59681908454424237,0.35166003877145452,0.9155817677091842,27
31115,Loup,,0.39544021766415421,0.14021222854736193,0.81670132718037425,20
55001,Adams,,0.45202201975733824,0.19962312074520513,0.94132108120460045,29
31173,Thurston,,0.36058807451475589,0.10361747824049371,0.85006638259861911,18
46071,Jackson,,0.48587822314726486,0.23517213430462811,0.83448752987112873,16
17043,DuPage,,0.35505455839677974,0.097807286316618752,0.79733162620613629,16
02198,Prince of Wales-Hyder,,0.69559993004877341,0.45537992655121196,0.74412809884442299,12
02013,Aleutians East,,0.62665454126308306,0.3829872683262372,0.77620957651194289,17
02105,Hoonah-Angoon,,0.66444301797482774,0.42266516887356909,0.92959395250846621,16
15003,Honolulu,,0.56397759618579391,0.31717647599508353,0.74862590106785298,15
02240,Southeast Fairbanks,,0.73987150145626546,0.50186507652907875,0.71497295569642072,26
02195,Petersburg,,0.59108845439933322,0.34564287711929981,0.72415991722433193,17
02110,Juneau,,0.74332353971294052,0.50548971669858767,0.73784591704348279,26
02188,Northwest Arctic,,0.79269219156777038,0.55732680114615896,0.74270581632501398,22
02090,Fairbanks North Star,,0.65421352773234087,0.41192420411895792,0.84444920861782247,30
02060,Bristol Bay,,0.54808130806477606,0.30048537346801479,0.86658585564676383,19
02290,Yukon-Koyukuk,,0.75085079125094445,0.51339333081349159,0.9109103573134818,27
02100,Haines,,0.56209470477530155,0.31519944001406669,0.80373230299836262,20
02016,Aleutians West,,0.58528533597281929,0.33954960277146029,0.84832576716272534,16
36085,Richmond,,0.35818169343623307,0.10109077810804477,0.76678081186817271,27
42007,Beaver,,0.5505597704444074,0.30308775896662782,0.77190216354665353,20
50003,Bennington,,0.33490802264196201,0.076653423774060092,0.75558295769474171,26
42075,Lebanon,,0.50916065541591615,0.25961868818671197,0.85639433187599401,27
36123,Yates,,0.47441795044244717,0.22313884796456951,0.94791292124712601,16
36109,Tompkins,,0.36359211677697217,0.10677172261582077,0.72184958166459978,16
50005,Caledonia,,0.31799291943501556,0.058892565406766371,0.861449064509757,11
50011,Franklin,,0.36531844304528022,0.10858436519754422,0.76403351302767242,15
36027,Dutchess,,0.32084849361017631,0.061890918290685132,0.84252417279005964,14
42127,Wayne,,0.49190422377747245,0.24149943496634607,0.84289432496886307,13
36045,Jefferson,,0.36929709011959538,0.11276194462557518,0.84320132271172121,10
23031,York,,0.56594103844077903,0.31923809036281797,0.81800269808773396,16
36093,Schenectady,,0.51292344235155585,0.26356961446913363,0.88176007056812489,14
42065,Jefferson,,0.34750103224676504,0.089876083859103284,0.82509965347856307,18
23023,Sagadahoc,,0.44940422430361288,0.19687443551879352,0.81666600989957894,19
42021,Cambria,,0.32885591007257153,0.070298705576200118,0.73714827396184268,26
36019,Clinton,,0.38009522200999213,0.12409998311049178,0.7819935486111671,21
42091,Montgomery,,0.43944302526660906,0.1864151765299395,0.79128276386312879,23
23005,Cumberland,,0.58102365233727293,0.33507483495413665,0.92883674030120789,18
42125,Washington,,0.56665073924163512,0.31998327620371686,0.85088356495404405,16
25021,Norfolk,,0.5569531460862146,0.30980080339052529,0.74892966245931203,12
42099,Perry,,0.52766516805615649,0.27904842645896433,0.73477451129855764,19
36055,Monroe,,0.47408821366537024,0.22279262434863872,0.88359131551079795,28
42067,Juniata,,0.47250583816830372,0.22113113007671895,0.87797345409553862,19
23001,Androscoggin,,0.521851083976139,0.27294363817494594,0.76403653710985397,27
36101,Steuben,,0.3552608422911594,0.098023884405717382,0.88636644388084918,25
25019,Nantucket,,0.43120413213223197,0.17776433873884356,0.8398666141662946,16
44001,Bristol,,0.44625832147680827,0.19357123755064867,0.85507063638809233,16
42031,Clarion,,0.41206943644543031,0.15767290826770186,0.71467302203268623,15
46121,Todd,,0.47883270970618741,0.22777434519149684,0.83855514836059963,27
31037,Colfax,,0.62693581260091813,0.38328260323096397,0.94187471093843333,14
17107,Logan,,0.36387694326040781,0.10707079042342819,0.79501871124491053,25
27033,Cottonwood,,0.35832407517683884,0.1012402789356808,0.84565822635992627,28
29075,Gentry,,0.39642828953949361,0.14124970401646833,0.85289591403554021,11
29207,Stoddard,,0.41003119893897139,0.15553275888592,0.86234609956858677,15
20091,Johnson,,0.50348394844470012,0.25365814586693514,0.81734458786958708,29
17003,Alexander,,0.53713415310221801,0.28899086075732888,0.82126577116020016,10
19031,Cedar,,0.47785391012380313,0.22674660562999333,0.73449376571912728,26
39061,Hamilton,,0.44007730542649054,0.18708117069781505,0.75968882812749272,18
55075,Marinette,,0.50503360925444896,0.2552852897171714,0.72144144224633289,19
55133,Waukesha,,0.51478770249639205,0.26552708762121169,0.76486779482737266,27
55071,Manitowoc,,0.58704404598836468,0.34139624828778287,0.91893165297860302,28
29051,Cole,,0.36308184142175587,0.10623593349284369,0.81278786538106385,25
20069,Gray,,0.49019021154249964,0.23969972211962465,0.91489624450553864,14
34001,Atlantic,,0.37306496467506423,0.11671821290881748,0.8516697040653991,13
42097,Northumberland,,0.52739764999632277,0.27876753249613895,0.93014855940649288,23
36065,Oneida,,0.35261590582042579,0.095246701111447049,0.92305289153183212,16
34017,Hudson,,0.58102919334003766,0.33508065300703949,0.75843202201113658,18
42013,Blair,,0.58888582003336731,0.34333011103503563,0.85729930817094657,23
36031,Essex,,0.3092606921614755,0.049723726769549267,0.75960531321511704,28
42023,Cameron,,0.46955164798175536,0.21802923038084313,0.8229750440602106,16
36037,Genesee,,0.38773542860483756,0.13212220003507946,0.82888957035586086,19
42037,Columbia,,0.45997835427307177,0.20797727198672536,0.92245210877104511,23
42093,Montour,,0.34084018087382473,0.082882189917515933,0.93481515188039199,17
34039,Union,,0.45168016205446071,0.19926417015718378,0.81003671839796321,19
25015,Hampshire,,0.37332274136191107,0.1169888784300066,0.77757628377443821,20
25001,Barnstable,,0.58735261385677606,0.3417202445496148,0.79210933609487055,12
08123,Weld,,0.51933393896808611,0.27030063591649045,0.82619143211869872,26
16029,Caribou,,0.55196941380956743,0.30456788450004585,0.87591228524110398,12
49055,Wayne,,0.55644460990542566,0.30926684040069691,0.77864857388868547,24
56013,Fremont,,0.79960309278015929,0.56458324741916721,0.71281630332009471,15
49005,Cache,,0.66350542971571302,0.42168070120149864,0.88636305308165197,14
04009,Graham,,0.69730597371854275,0.45717127240446986,0.94073669952997996,15
08043,Fremont,,0.73139927205436772,0.49296923565708611,0.86707362805505761,30
08121,Washington,,0.71851718263892161,0.47944304177086766,0.80578447155095789,15
49051,Wasatch,,0.55224932380971259,0.3048617900001982,0.81468561500001524,27
49057,Weber,,0.73734415470056114,0.49921136243558922,0.94403095401353609,20
08091,Ouray,,0.65585477282123961,0.41364751146230155,0.78431795214767153,25
16073,Owyhee,,0.74151221332794437,0.50358782399434154,0.74522344832480414,16
08093,Park,,0.75064816412066349,0.51318057232669656,0.9381212619782634,30
08057,Jackson,,0.51885298350269204,0.26979563267782669,0.73664835028187214,23
56033,Sheridan,,0.79673799612627072,0.56157489593258425,0.75450139542646877,24
30065,Musselshell,,0.68147747410416781,0.44055134780937621,0.77126400518727856,12
04005,Coconino,,0.66091353057451885,0.41895920710324475,0.82648416931728785,14
30079,Prairie,,0.57685585099183867,0.33069864354143064,0.71637929147994228,15
49047,Uintah,,0.74983863974297316,0.51233057173012175,0.91070149007069867,30
49031,Piute,,0.5055305579342011,0.25580708583091116,0.85389942578092703,24
41071,Yamhill,,0.80880327705586907,0.57424344090866253,0.78575270018109811,27
41063,Wallowa,,0.49187254939889563,0.24146617686884045,0.71416856848765742,13
06085,Santa Clara,,0.8052093011210848,0.57046976617713896,0.89236100930844886,11
15007,Kauai,,0.67479488082434336,0.43353462486556038,0.8176948347926053,10
53035,Kitsap,,0.71001697810569697,0.47051782701098183,0.89903371911252195,19
06075,San Francisco,,0.75340059008498916,0.51607061958923861,0.72012180750766863,10
53001,Adams,,0.41394559437862294,0.15964287409755407,0.93952114800196007,15
53059,Skamania,,0.5563428226056335,0.30915996373591526,0.76633178792695456,10
53067,Thurston,,0.58682304263297214,0.34116419476462073,0.74418211230820008,15
06025,Imperial,,0.87612270931579861,0.635,0.73532949675447434,20
41033,Josephine,,0.74137510993151601,0.50344386542809172,0.75185930797314227,29
06113,Yolo,,0.42191150041032183,0.16800707543083793,0.82321788818685715,15
06015,Del Norte,,0.84427343546018141,0.61148710723319044,0.83863094799268367,11
53025,Grant,,0.57714755775914917,0.33100493564710659,0.73917812581185183,28
06095,Solano,,0.55163244801592537,0.3042140704167216,0.89262498949418545,22
41061,Union,,0.44521147280365508,0.19247204644383781,0.85900334648288623,30
41003,Benton,,0.47814086409447787,0.22704790729920174,0.78609277741018713,14
06055,Napa,,0.42430194685113892,0.1705170441936959,0.78648557204801761,30
41043,Linn,,0.4961294341592522,0.24593590586721484,0.7613737480844941,23
53027,Grays Harbor,,0.49158350175331716,0.24116267684098303,0.81637330071557501,21
21143,Lyon,,0.69619843367688294,0.45600835536072715,0.80979521002961474,17
21165,Menifee,,0.83283934176572938,0.59948130885401585,0.71000874629226851,24
21137,Lincoln,,0.83029480899751629,0.59680954944739206,0.85472554545306756,14
21077,Gallatin,,0.64037108779236185,0.39738964218197992,0.7822308716871812,15
47031,Coffee,,0.68700360995082765,0.44635379044836909,0.93930421891822546,12
47009,Blount,,0.70752247555919201,0.46789859933715161,0.79111429496162344,30
47153,Sequatchie,,0.89164904427081382,0.635,0.74490677272899641,22
47173,Union,,0.76720752192668329,0.53056789802301751,0.82167551961250151,15
28087,Lowndes,,0.7581841668018191,0.52109337514191001,0.82851233777610744,27
28161,Yalobusha,,0.84017828126224348,0.60718719532535559,0.77373894566552359,20
28035,Forrest,,0.64349007530987434,0.40066457907536807,0.8216193374570453,30
28159,Winston,,0.62681441024057272,0.38315513075260133,0.84668717992130027,28
01069,Houston,,0.68163218448321405,0.44071379370737473,0.72337648973498492,30
01051,Elmore,,0.8126499907592063,0.57828249029716661,0.70838003981577591,20
01087,Macon,,0.86678634508069063,0.635,0.75417314225552678,15
01125,Tuscaloosa,,0.89525138784373048,0.635,0.70310594584616659,23
22107,Tensas,,0.63988763940678428,0.39688202137712347,0.78561352242858251,26
22029,Concordia,,0.84062497027867444,0.60765621879260823,0.91491637870878839,25
22053,Jefferson Davis,,0.68119974189579946,0.44025972899058941,0.91481551043987752,22
22007,Assumption,,0.87284367573348076,0.635,0.84373770691311789,10
05031,Craighead,,0.76505587648251316,0.52830867030663886,0.7275528368122185,29
05073,Lafayette,,0.70422814215848251,0.46443954926640663,0.91435982395596438,30
05051,Garland,,0.76852915253965448,0.53195561016663717,0.73390232272031164,27
05071,Johnson,,0.80877482210182816,0.57421356320691963,0.83152705493167389,11
38101,Ward,,0.52335246047490769,0.27452008349865309,0.83772564957666318,27
38085,Sioux,,0.42751484855678024,0.17389059098461923,0.88267798741834969,10
38099,Walsh,,0.53793907560350962,0.28983602938368513,0.77153204542982801,15
38015,Burleigh,,0.4510221772030979,0.19857328606325275,0.87854729202576476,12
46067,Hutchinson,,0.33801655857362928,0.079917386502310769,0.71156454448545248,27
46103,Pennington,,0.51741050440023995,0.26828102962025197,0.73947596409307259,27
46059,Hand,,0.52387769933508233,0.27507158430183642,0.8766437180967912,25
46051,Grant,,0.56518326968376575,0.31844243316795401,0.92346659226814043,14
27081,Lincoln,,0.45651750243048511,0.2043433775520094,0.84540264696053358,28
27087,Mahnomen,,0.45740065895931009,0.20527069190727562,0.9009701080615482,11
27029,Clearwater,,0.34898677562093872,0.091436114401985708,0.74165568545911387,20
27055,Houston,,0.48829444147475687,0.2377091635484947,0.8332454860170071,20
55125,Vilas,,0.4493327286670567,0.19679936510040952,0.75716367482345803,23
55077,Marquette,,0.48711534876095569,0.23647111619900352,0.77192750226421725,23
55057,Juneau,,0.59484438579714238,0.34958660508699946,0.71772755272630495,18
55067,Langlade,,0.58061593629961183,0.33464673311459237,0.8104897458217567,12
26097,Mackinac,,0.49001667591344217,0.23951750970911431,0.7154401508920798,26
26019,Benzie,,0.46061960115536382,0.20865058121313201,0.90924490228027466,12
26113,Missaukee,,0.34214215856875135,0.084249266497188918,0.90612414760602866,20
26095,Luce,,0.46351403873652625,0.21168974067335258,0.74174169656992417,20
18039,Elkhart,,0.48816704804063088,0.23757540044266245,0.93721888723151037,20
18095,Madison,,0.43590062188856343,0.18269565298299159,0.82057242326580149,16
18083,Knox,,0.34642343471381526,0.088744606449506019,0.94683442971069964,15
18149,Starke,,0.52343921229217771,0.2746111729067866,0.74076384281445296,19
09170,South Central Connecticut,,0.40085117728383091,0.14589373614802242,0.88278933425714401,12
09120,Greater Bridgeport,,0.3235498710424079,0.064727364594528325,0.71128994014189373,15
09130,Lower Connecticut River Valley,,0.50388037505906558,0.2540743938120188,0.78054401271829266,13
23029,Washington,,0.39814438836676019,0.14305160778509823,0.88190084949993386,27
23021,Piscataquis,,0.365227023108259,0.10848837426367194,0.91040398156020652,10
23017,Oxford,,0.29111215119467071,0.030667758754404251,0.76405521091970585,23
25023,Plymouth,,0.27367652099496459,0.012360347044712845,0.83101038677541972,29
25011,Franklin,,0.46892635767162166,0.21737267555520279,0.87031474547843501,28
25017,Middlesex,,0.49225925728553349,0.24187222014981016,0.80998073906610446,24
33009,Grafton,,0.30531449044529774,0.045580214967562614,0.76859505494510305,30
33011,Hillsborough,,0.31165723896226522,0.052240100910378499,0.88999809186580647,18
33019,Sullivan,,0.4844433625879449,0.23366553071734214,0.8154439226277117,28
44005,Newport,,0.27538221767700088,0.014151328560850936,0.73367737849394898,14
44003,Kent,,0.42343287785494232,0.16960452174768945,0.7884451043544467,25
44009,Washington,,0.50242687183480816,0.25254821542654859,0.85055506782270696,28
50017,Orange,,0.37308447204231304,0.11673869564442872,0.72256964179166994,16
50023,Washington,,0.52025646892671706,0.27126929237305292,0.88444716499479925,10
50025,Windham,,0.49590033292410024,0.24569534957030525,0.90540088040062949,30
34003,Bergen,,0.31845307115852117,0.05937572471644724,0.81337680782950661,30
34019,Hunterdon,,0.53824450031558568,0.290156725331365,0.89925599882050489,22
34035,Somerset,,0.41137357861829754,0.15694225754921243,0.81230885472036674,11
36025,Delaware,,0.38605712298191869,0.1303599791310146,0.74496763532906596,18
36067,Onondaga,,0.5331098777969967,0.28476537168684657,0.90437351644028641,30
36081,Queens,,0.36322256832536753,0.10638369674163589,0.72172295593291425,12
42053,Forest,,0.25873300715981712,0.0,0.76399893301284183,18
42081,Lycoming,,0.40751230866751026,0.15288792410088575,0.80133729728718939,26
42083,McKean,,0.35613007905932825,0.098936583012294674,0.76172054093261388,10
10001,Kent,,0.67235886731223615,0.43097681067784788,0.90034726781387686,12
11001,District of Columbia,,0.66729184912083372,0.42565644157687538,0.88445457159566043,11
32013,Humboldt,,0.57162475700991378,0.32520599486040946,0.80711789091141295,30
60040,Swains Island,,0.51059373699250588,0.26112342384213122,0.94194359680780759,30
66010,Guam,,0.56058688394616074,0.31361622814346884,0.91396522101819022,27
69100,Rota,,0.69263218752082067,0.45226379689686164,0.87188286071970889,27
72003,Aguada,,0.6291434655080429,0.38560063878344508,0.80897061573600604,10
78020,St. John,,0.56296108469584005,0.31610913893063197,0.93286397308925828,20
01077,Lauderdale,,0.69466735968808768,0.45440072767249207,0.80264746301663381,14
02170,Matanuska-Susitna,,0.59899817704951219,0.35394808590198773,0.86611818490474946,13
04011,Greenlee,,0.6950148743860568,0.45476561810535954,0.77787997389981545,23
05109,Pike,,0.87390490873782356,0.635,0.73651257566568362,10
05055,Greene,,0.86219456643932357,0.6303042947612898,0.87961044305631331,14
06051,Mono,,0.62482728886376515,0.38106865330695339,0.84782959364077981,14
08009,Baca,,0.76686244778215051,0.53020557017125802,0.79328213926136204,29
09180,Southeastern Connecticut,,0.4132361964426487,0.15889800626478112,0.79678296291770689,15
10003,New Castle,,0.76915358065906558,0.53261125969201895,0.80595504876266655,28
11001,District of Columbia,,0.80639393222654376,0.57171362883787091,0.90306711094259917,18
12063,Jackson,,0.74072485039436964,0.50276109291408799,0.76548466103435497,20
13181,Lincoln,,0.72865085825775955,0.49008340117064753,0.79037939642250621,14
13221,Oglethorpe,,0.62685033063361328,0.383192847165294,0.87507129486132273,18
13093,Dooly,,0.72971046506634041,0.49119598831965738,0.83576812308536619,13
13159,Jasper,,0.89433952957869756,0.635,0.75506896366987031,21
15005,Kalawao,,0.53174937202136496,0.28333684062243325,0.72983903577994602,16
16035,Clearwater,,0.79895120068732217,0.56389876072168832,0.78846855113587455,14
17161,Rock Island,,0.58112762418269215,0.33518400539182674,0.88615117885578987,26
17007,Boone,,0.55447600636306349,0.3071998066812166,0.87133851803160745,27
17025,Clay,,0.54564714724434416,0.29792950460656137,0.82098075385724967,16
18181,White,,0.32790197953701838,0.06929707851386932,0.83959008534948765,10
18117,Orange,,0.51915410428250297,0.27011180949662816,0.8484247769278549,10
19127,Marshall,,0.40652161814617832,0.15184769905348722,0.72501760441539898,19
19117,Lucas,,0.41938815091409692,0.1653575584598018,0.90657480895744236,19
20017,Chase,,0.39260298826042228,0.13723313767344342,0.71409228317100659,18
20095,Kingman,,0.5332758390879786,0.28493963104237752,0.80462915924440914,15
20061,Geary,,0.43995627290455924,0.18695408654978724,0.76573014218621727,26
21159,Martin,,0.82187496688848893,0.58796871523291339,0.79724967487756981,26
21203,Rockcastle,,0.64221180243006493,0.39932239255156821,0.88293620476578982,26
21093,Hardin,,0.74703632830478761,0.50938814472002703,0.8401397948656304,27
22051,Jefferson,,0.89333616024188311,0.635,0.77097389185098053,20
22123,West Carroll,,0.60333938055418912,0.35850634958189853,0.7256184057070838,26
23019,Penobscot,,0.25349304332452421,0.0,0.75388377469590073,13
24510,Baltimore,,0.61133113163768027,0.36689768821956431,0.80066483763307073,15
25027,Worcester,,0.33522435673442569,0.076985574571146964,0.80005664978349134,28
26091,Lenawee,,0.51000859972692913,0.26050902971327561,0.8796735411487282,28
26027,Cass,,0.37513384979012915,0.11889054227963564,0.77046986018013663,13
27067,Kandiyohi,,0.38823298300193215,0.13264463215202876,0.86929587116479023,23
28079,Leake,,0.64498220806697493,0.40223131847032367,0.8840837620866977,17
28071,Lafayette,,0.71103453688414608,0.47158626372835333,0.88556033724947003,25
29223,Wayne,,0.51516409120991913,0.2659222957704151,0.885168521178198,11
29179,Reynolds,,0.31973090054166953,0.060717445568753012,0.74277868260388169,28
29093,Iron,,0.45776292965383752,0.20565107613652944,0.90983116152108279,22
29107,Lafayette,,0.39374054838877065,0.13842757580820922,0.93516218613959401,25
30029,Flathead,,0.77337239021837856,0.53704100972929747,0.77528077501544668,14
31113,Logan,,0.58202883934307892,0.33613028131023287,0.93666632402251526,26
31079,Hall,,0.55181926910685697,0.30441023256219985,0.82331596594660283,30
32021,Mineral,,0.66979630174120175,0.42828611682826184,0.83559844902442615,27
33017,Strafford,,0.47168273449368125,0.2202668712183653,0.75191990441127288,11
34037,Sussex,,0.45666766738477904,0.20450105075401803,0.89419136780639197,12
35043,Sandoval,,0.56308702326561044,0.316241374428891,0.8714248697752156,11
36089,St. Lawrence,,0.27940122283078006,0.018371283972319071,0.76109218781395171,23
37169,Stokes,,0.79737366063018444,0.56224234366169357,0.8103049873428827,12
37199,Yancey,,0.89505781509075699,0.635,0.75093719495779376,30
37093,Hoke,,0.78688605154398972,0.55123035412118926,0.89867779368579193,24
38069,Pierce,,0.5657129219635515,0.3189985680617291,0.92941389589876677,18
39147,Seneca,,0.41335710971635697,0.15902496520217485,0.84645730553441489,10
39005,Ashland,,0.42292020523791835,0.16906621549981427,0.86513584817142297,27
39159,Union,,0.38619277038960215,0.13050240890908224,0.88682779413442814,21
40059,Harper,,0.89081904168375903,0.635,0.70283130847593533,29
40117,Pawnee,,0.69768593534763013,0.45757023211501152,0.78191046030016143,28
41049,Morrow,,0.73404145364879569,0.49574352633123542,0.7116574813954557,26
42109,Snyder,,0.48761072246349962,0.23699125858667464,0.72439203034905186,25
44007,Providence,,0.29093019079845528,0.03047670033837805,0.93202637739267802,21
45063,Lexington,,0.85238902734585709,0.6200084787131499,0.70532556162957238,26
46019,Butte,,0.53937034097611847,0.29133885802492443,0.79384698380026175,12
47179,Washington,,0.84886862676062003,0.61631205809865108,0.76282389684645902,20
47185,White,,0.69815153297556598,0.45805910962434421,0.88094254510685743,18
47061,Grundy,,0.75403782517521334,0.51673971643397398,0.86581460169390101,10
48337,Montague,,0.82237053837103335,0.588489065289585,0.78415975570633623,19
48377,Presidio,,0.6826073839931408,0.44173775319279784,0.91607230974109988,22
48135,Ector,,0.89849213344401091,0.635,0.72274749456689646,11
48031,Blanco,,0.8124509671379252,0.57807351549482133,0.80368521696602757,19
48061,Cameron,,0.62261399808418849,0.37874469798839788,0.73840745817072539,29
48305,Lynn,,0.74449562193010899,0.50672040302661447,0.81414366532796567,19
49019,Grand,,0.51005817831554923,0.26056108723132665,0.76231079036736438,30
50007,Chittenden,,0.26065075681219219,0.0,0.78812432882584149,20
51119,Middlesex,,0.77792981611656531,0.54182630692239353,0.72534395468935309,15
51007,Amelia,,0.8051174138930306,0.57037328458768211,0.72399316847661965,30
51600,Fairfax,,0.8029900829544856,0.56813958710220991,0.90705405768896252,29
51735,Poquoson,,0.65323422500021566,0.41089593625022641,0.74508766562537743,11
53071,Walla Walla,,0.6498716211615263,0.4073652022196026,0.85854129360156806,11
54073,Pleasants,,0.68836483227794021,0.44778307389183714,0.9371789051791426,25
55103,Richland,,0.47350391143519432,0.22217910700695401,0.76468552930397538,11
56043,Washakie,,0.60792946370419088,0.36332593688940035,0.7831795637532899,26
60050,Western,,0.44650236295930695,0.19382748110727227,0.84273599795431986,24
66010,Guam,,0.79888192165940319,0.56382601774237329,0.787548824273825,11
69120,Tinian,,0.77087362439171869,0.53441730561130463,0.90582304111158352,15
72089,Luquillo,,0.51969916767795388,0.27068412606185155,0.79079077522658414,15
72101,Morovis,,0.41237111592852871,0.15798967172495509,0.7649829473716957,21
72117,Rincón,,0.66716660511824355,0.4255249353741557,0.7976453404914563,18
78020,St. John,,0.66964143622056893,0.42812350803159738,0.77572410980348261,19
01055,Etowah,,0.86037140470396944,0.62838997493916782,0.92881537352582244,23
01129,Washington,,0.72651461290401131,0.4878403435492118,0.78070294676357876,18
02185,North Slope,,0.71945538386163121,0.4804281530547127,0.86244306016795536,22
04001,Apache,,0.58953165935781304,0.34400824232570376,0.79488184289624408,21
05061,Howard,,0.64436992404321525,0.40158842024537605,0.83410790222941944,21
05013,Calhoun,,0.76167963009308715,0.52476361159774154,0.92551076607675109,21
06035,Lassen,,0.77862091818886758,0.54255196409831097,0.76003778645836162,23
08033,Dolores,,0.57801719483891345,0.3319180545808591,0.72785273791276373,21
09190,Western Connecticut,,0.45941527794848003,0.20738604184590401,0.88594939749073864,21
10005,Sussex,,0.60574427347181492,0.36103148714540562,0.85893744411172468,16
12029,Dixie,,0.69643827611468945,0.45626018992042389,0.71254892710359863,27
12075,Levy,,0.6243851561021222,0.38060441390722832,0.80876602824798449,29
13023,Bleckley,,0.8964706829354363,0.635,0.83214428137141616,13
13265,Taliaferro,,0.81957442367912381,0.58555314486307997,0.73845064850791675,15
13305,Wayne,,0.70397819208483381,0.46417710168907556,0.78688732873030853,20
15001,Hawaii,,0.54934035560889227,0.30180737338933694,0.73828898616623717,11
16011,Bingham,,0.79767779083906465,0.56256168038101784,0.8170824151333651,19
17051,Fayette,,0.31870573190193091,0.059641018497027486,0.78807409656741201,16
17089,Kane,,0.4768311260923101,0.22567268239692559,0.94999458040959739,16
17117,Macoupin,,0.54181668278534778,0.2939075169246152,0.89051130047312599,22
18069,Huntington,,0.31304318432971834,0.053695343546204262,0.93495831687181341,12
18037,Dubois,,0.39855284965467414,0.14348049213740782,0.7160377364917615,23
18163,Vanderburgh,,0.56432717758357009,0.31754353646274858,0.87523973271730349,20
19107,Keokuk,,0.43239051155968622,0.17901003713767055,0.77384352601112227,30
19051,Davis,,0.58945317033010758,0.34392582884661294,0.81732865997210391,17
19097,Jackson,,0.57059809641341597,0.3241280012340868,0.71996460318059718,11
20037,Crawford,,0.3691115831942211,0.11256716235393216,0.74669373221808222,17
20129,Morton,,0.56621132999490587,0.31952189649465124,0.72559026456252518,13
20027,Clay,,0.52668286723557878,0.27801701059735773,0.8196480450109711,23
21047,Christian,,0.66261018804887351,0.42074069745131726,0.71194642067892511,15
21125,Laurel,,0.606543709426975,0.3618708948983238,0.9203089574452018,23
21133,Letcher,,0.62802049893973533,0.38442152388672213,0.90104161505790015,14
21209,Scott,,0.72788636643950688,0.48928068476148218,0.7447994884795065,25
22099,St. Martin,,0.79922514053940386,0.56418639756637401,0.94302359657662649,16
22037,East Feliciana,,0.81348973297147786,0.57916421962005171,0.80301627726241431,13
23027,Waldo,,0.52416965619090827,0.27537813900045366,0.72346978760464498,22
24015,Cecil,,0.88467704724975138,0.635,0.73948529659429352,19
25007,Dukes,,0.30832400054008124,0.048740200567085314,0.92161958058826721,20
26035,Clare,,0.46749663378803408,0.21587146547743574,0.73425252940974128,29
26153,Schoolcraft,,0.44719334269333688,0.19455300982800378,0.86109507189837431,18
27115,Pine,,0.49113405515442765,0.24069075791214906,0.89197178006579481,27
27137,St. Louis,,0.43531194033231768,0.18207753734893353,0.7195471881034341,25
28011,Bolivar,,0.68277545185851563,0.44191422445144146,0.86242759252089785,22
28061,Jasper,,0.6526924412577384,0.4103270633206253,0.7877129202083939,20
29083,Henry,,0.51068915849088947,0.26122361641543396,0.8032467198255715,15
29097,Jasper,,0.56344663923039795,0.31661897119191784,0.85284394058191282,29
29163,Pike,,0.50881413804224207,0.25925484494435413,0.89625430919092208,14
29213,Taney,,0.35368895898637698,0.096373406935695835,0.75774789888179062,29
30089,Sanders,,0.55953111665058153,0.31250767248311062,0.78150157987449631,23
30057,Madison,,0.63642952035784461,0.39325099637573685,0.72262272526524518,23
31161,Sheridan,,0.31166384056085256,0.052247032588895209,0.84780626419212546,25
31127,Nemaha,,0.53917493163458841,0.29113367821631786,0.7061164749990787,16
31171,Thomas,,0.53034747406559712,0.28186484776887699,0.88694605603587262,17
32027,Pershing,,0.53259696658357814,0.28422681491275703,0.85047846922691772,11
33015,Rockingham,,0.41259907915280108,0.15822903311044112,0.7311455424483152,12
34041,Warren,,0.31576908877989557,0.056557543218890331,0.70755120438475627,12
35013,Doña Ana,,0.79491459410104148,0.55966032380609354,0.81364699473621682,18
36015,Chemung,,0.45709942208382381,0.204954393188015,0.77311688540701795,29
37103,Jones,,0.71503132164375993,0.47578288772594796,0.94241944501096087,24
37061,Duplin,,0.71762413738194097,0.47850534425103791,0.71252270125469619,17
37035,Catawba,,0.82940186339508393,0.59587195656483805,0.80996524406428061,18
38051,McIntosh,,0.52949104691419879,0.28096559925990872,0.80751641871310087,28
39023,Clark,,0.59804304108654371,0.35294519314087092,0.93693539846416052,11
39105,Meigs,,0.59117562442372185,0.34573440564490793,0.80327581789021407,28
39075,Holmes,,0.47709878561424168,0.22595372489495377,0.81639239567011623,12
40107,Okfuskee,,0.82789518477352531,0.59428994401220159,0.77912390109822283,11
40101,Muskogee,,0.72744084836845213,0.48881289078687473,0.9107607701369983,28
40127,Pushmataha,,0.86950691447485651,0.635,0.86947808186685271,14
41031,Jefferson,,0.51260025092206452,0.2632302634681678,0.71788988143786725,25
42089,Monroe,,0.28554200865899831,0.024819109091948219,0.77221947622232046,13
45013,Beaufort,,0.68101372253814363,0.44006440866505081,0.92904327815469756,10
46069,Hyde,,0.36657465557972324,0.10990338835870937,0.93191530790454025,20
46109,Roberts,,0.41504476448388727,0.16079700270808164,0.81168470332397757,16
47163,Sullivan,,0.86061392385431346,0.62864462004702915,0.85668920363594148,20
47081,Hickman,,0.74409836382465944,0.50630328201589236,0.87535413179557608,12
47141,Putnam,,0.76246639990739906,0.52558971990276904,0.84012543463783629,18
48173,Glasscock,,0.70318592494714094,0.46334522119449795,0.78421967218911959,19
48225,Houston,,0.64987242227986175,0.40736604339385485,0.84392997394894409,29
48117,Deaf Smith,,0.87163823156517684,0.635,0.90076849820005711,14
48023,Baylor,,0.7210856952198651,0.48213997998085828,0.92337557755165434,30
48289,Leon,,0.60426376176821317,0.35947694985662387,0.7784647829379947,29
49035,Salt Lake,,0.79872295987181319,0.56365910786540385,0.85133322137764877,22
50009,Essex,,0.31103839237331715,0.051590311991983037,0.91654466153427139,14
